දිනය,ගෙවීම් ක්‍රමය,බිල්පත් අංකය,පාරිභෝගිකයා ,රිටන් බිල්පත් අංකය,Order/Order Lines/Product,Order/Order Lines/Quantity,Order/Order Lines/Discount (%),Order/Order Lines/Subtotal w/o Tax,මුදල්
මුදල් (244),,,,,,,,,1273550.00
2021-09-18 17:12:24,මුදල්,Order 00430-004-0025,FALSE,,[AA111082] Armature Assembly,1,16,3603.6,4910
,,,,,[AA111085] Brush Box Asly Kit 3W 48 Dia,1,16,1302,
2021-09-18 17:09:03,මුදල්,Order 00430-004-0024,FALSE,,[JL131805] Pad,1,15,1309,2670
,,,,,[DK151085] Pad Brake Rear Set,1,15,1360,
2021-09-18 17:07:33,මුදල්,Order 00430-004-0022,FALSE,,[DS121137] Kit Oil Pump (Helical Gear),2,17,2224.4,2220
2021-09-18 16:56:13,මුදල්,Order 00430-004-0020,Shantha Motors,,[DJ151071] Set - Disc Pad [ Ets ],10,17,7387,141330
,,,,,[DS101036] Cam-Chain :-24-94L,4,17,4648,
,,,,,[36PA0143] Kit Steering Cone-Dis 100 M,5,17,8424.5,
,,,,,[DJ201035] Cable Assembly (Clutch Switch) / Dj201110,5,17,1950.5,
,,,,,[31201079] Rear  Brake  Switch,5,17,1909,
,,,,,[36314002] Kit Ball Steel Steering,10,17,1079,
,,,,,[31111056] Excitor Coil *,3,17,4208.1,
,,,,,[DE151012] Plate - Drive,10,17,415,
,,,,,[DH161158] Grommet - Side Cover,50,17,1660,
,,,,,[DH111034] Brush Box Assly Kit,3,17,2166.3,
,,,,,[JZ401403] Switch Clutch (Vb) Diode,1,17,597.6,
,,,,,[35161060] Clip  Nut,10,17,581,
,,,,,[DH121011] Plate Plunger Oil,5,0,75,
,,,,,[DD111018] Spark Plug,10,17,3818,
,,,,,[JN551400] Spring(Clutch Capacity) Discover Black 135,10,17,498,
,,,,,[36DJ4005] Kit Chain Sprocket Pulsar Dtsi (Modif) (36Dj4009),2,17,7868.4,
,,,,,[DK151094] Coupling Rubber,2,17,1809.4,
,,,,,[36DU1001] Kit - O'Ring Cylinder Head,4,17,1826,
,,,,,[36JE0007] Kit Chain Sprocket Sprint,2,17,8964,
,,,,,[36JN0015] Kit Chain Sprocket Dis 135 (New),2,17,10673.8,
,,,,,[31151021] Shock Damper,8,17,1460.8,
,,,,,[CL201023] Bulb - Head Lamp 12V-35/35W-Hs1,5,17,2324,
,,,,,[BGO20W50C] Bajaj Genuine Oil 20W 50 Can 1L,60,0,51000,
,,,,,[DD121181] Oil Filter With Spring,20,17,4482,
,,,,,[DS101134] Lever Complete-Gear Shift,1,17,1668.3,
,,,,,[DS121137] Kit Oil Pump (Helical Gear),2,17,2224.4,
,,,,,[6003(NACHi)] NACHi 6003 Bearing,5,0,2250,
,,,,,[6002(NACHi)] NACHi 6002 Bearing,5,0,2150,
,,,,,[6301(NACHi)] NACHi 6301 Bearing,5,0,2250,
,,,,,[6304(NACHi)] NACHi 6304 Bearing,2,0,960,
2021-09-18 16:37:02,මුදල්,Order 00430-004-0021,FALSE,,[DJ141056] Fuel Cock (Export Market),1,15,1037,1530
,,,,,"[DJ201109] Brake Switch Front "" Pulsar Ug Ii """,1,15,493,
2021-09-18 16:32:04,මුදල්,Order 00430-004-0017,FALSE,,[36311028] Valve Kit Caliber,1,15,1725.5,1730
2021-09-18 16:25:33,මුදල්,Order 00430-004-0015,Asanka Motors,,[36JE0003] Kit Chain Guide Sprint,10,17,6142,92810
,,,,,[36DH4030] Kit Chain Guide Pulsar-150,3,17,2390.4,
,,,,,[DH74014M] Fairing Midnight Black,2,17,8250.2,
,,,,,[JN571001] Cap Strainer (Discover Black),5,17,1494,
,,,,,[BGO20W50C] Bajaj Genuine Oil 20W 50 Can 1L,50,0,42500,
,,,,,[DH161119] Band - Battery,1,17,298.8,
,,,,,[DS171007] Slider - Chain,3,17,1245,
,,,,,[DU101190] Assembly Rocker Arm Roller,2,17,3652,
,,,,,[JH122014] Chain Slider,2,17,713.8,
,,,,,[DG171034] Guard,1,17,863.2,
,,,,,[DJ171008] Slider - Chain,1,17,323.7,
,,,,,[JB122003] Chain Slider,2,17,780.2,
,,,,,[36DU1001] Kit - O'Ring Cylinder Head,5,17,2282.5,
,,,,,[39204021] Ring - O,5,17,705.5,
,,,,,[AA101077] Gasket Clutch Cover,3,17,2091.6,
,,,,,[JY551402] Clutch One Way Assly,1,17,6897.3,
,,,,,[DH102277] Element Assembly Filter,3,17,2440.2,
,,,,,[DS191018] Boot For Lever Rh,10,17,996,
,,,,,[DH191019] Boot For Lever,1,17,132.8,
,,,,,[JM191010] Lever Boot,1,17,99.6,
,,,,,[DD191144] Boot - For Lever  Lh,1,17,157.7,
,,,,,[JV551000] Sprocket Output (15T),6,17,4183.2,
,,,,,[DS101197] Sprocket-Output [14T],3,17,2191.2,
,,,,,[JZ551004] Sprocket Output 14T Disco-H - (Servicable Kit Part Number - 36Jz0007),1,17,688.9,
,,,,,[DM101114] Sprocket Output [13T],2,17,1294.8,
2021-09-18 16:06:11,මුදල්,Order 00430-004-0016,FALSE,,[36314001K] Steering Cone Kit - Ct / Platina 100,1,15,1130.5,1130
2021-09-18 15:59:58,මුදල්,Order 00430-004-0014,FALSE,,[24201499] Lens Tail Light Rh Refl,1,15,569.5,570
2021-09-18 15:53:32,මුදල්,Order 00430-004-0013,FALSE,,[6304(NACHi)] NACHi 6304 Bearing,2,0,1100,5550
,,,,,[6201(NACHi)] NACHi 6201 Bearing,0,0,0,
,,,,,[39240320] Bearing Ball [628],1,15,467.5,
,,,,,[39108019] Oil Seal [ F / Sprocket ],1,15,102,
,,,,,[39100820] Bearing Needle [Bk1312],1,15,280.5,
,,,,,[39103519] Oil Seal Valve,2,15,306,
,,,,,[31101033] Chain-Timing,1,15,960.5,
,,,,,[36DU1001] Kit - O'Ring Cylinder Head,1,15,467.5,
,,,,,[36DD4002] Kit Gasket Ct100,1,15,527,
,,,,,[DM101140] Gasket (Clutch),1,15,348.5,
,,,,,[DM101139] Gasket (Gen. Cover),1,15,187,
,,,,,[6003(NACHi)] NACHi 6003 Bearing,1,0,450,
,,,,,[6201-2NSE(NACHi)] NACHi 6201 - 2NSE Bearing,1,0,350,
2021-09-18 15:43:00,මුදල්,Order 00430-004-0012,FALSE,,[AA101512] Cowling Complete - Internal,1,15,765,770
2021-09-18 15:32:33,මුදල්,Order 00430-004-0011,FALSE,,[JZ161019] Pad Brake Pedal,1,15,119,120
2021-09-18 15:20:01,මුදල්,Order 00430-004-0010,FALSE,,[36DU4017] Kit Chain Sprocket,1,0,3900,3900
2021-09-18 15:12:11,මුදල්,Order 00430-004-0009,FALSE,,[36DU1205] Kit - Carburettor Float Pin,1,0,800,800
2021-09-18 15:09:25,මුදල්,Order 00430-004-0008,FALSE,,[YAAS7001] Pickup Coil - Fl,1,15,595,600
2021-09-18 15:03:03,මුදල්,Order 00430-004-0007,FALSE,,[AN101083] Breather Tube Assembly,1,15,246.5,620
,,,,,[24160924] Engine Bush,2,15,374,
2021-09-18 15:01:54,මුදල්,Order 00430-004-0006,FALSE,,[31191027] Cable Comp Throttle,1,15,739.5,1560
,,,,,[DL191013] Lever - Clutch,1,15,824.5,
2021-09-18 14:57:28,මුදල්,Order 00430-004-0005,FALSE,,[DF161413] Damper-Step:-Front In 'Pvc',2,15,1122,3450
,,,,,[DU101185] Lever Change With Damper,1,15,1827.5,
,,,,,[DF191066] Lever Brake,1,15,501.5,
2021-09-18 14:52:40,මුදල්,Order 00430-004-0004,FALSE,,[24101177(YL)] YL Starting Handle,1,0,1450,1450
2021-09-18 14:49:06,මුදල්,Order 00430-004-0003,FALSE,,[JK231400] Grip-Frame,1,15,3179,3180
2021-09-18 14:45:47,මුදල්,Order 00430-004-0002,FALSE,,[36AA1004] Oil Seal Kit [3W-4S],1,15,680,3510
,,,,,[36AA4042] Kit_ Packing Set Re 205,1,15,2473.5,
,,,,,[28101110] Damper Spring,1,15,263.5,
,,,,,[JE581225] Seal Oring Tps Bs26,3,0,90,
2021-09-18 14:39:33,මුදල්,Order 00430-002-0001,FALSE,,[JA541212] Gasket Clutch Cover,1,15,280.5,440
,,,,,[24170507] Bolt,1,15,161.5,
2021-09-18 14:15:54,මුදල්,Order 00430-001-0068,FALSE,,[52DU0555] Swing Arm(Du171018) With Bush,1,20,6560,6560
2021-09-18 14:10:37,මුදල්,Order 00430-001-0067,FALSE,,[C1B1394421LU-12XL2.5L-C4B1] Lucas 12XL2.5L-C,1,0,2200,2200
2021-09-18 14:06:09,මුදල්,Order 00430-001-0066,FALSE,,[DS101036] Cam-Chain :-24-94L,2,15,2380,4300
,,,,,[31101033] Chain-Timing,2,15,1921,
2021-09-18 14:04:36,මුදල්,Order 00430-001-0065,FALSE,,[DP161102] Lock-Assy (Seat),1,12,484,480
2021-09-18 13:55:23,මුදල්,Order 00430-001-0064,Wayamba Motors,,[DH101373] Scissor Balancer Idler - Nylon,2,15,1071,1070
2021-09-18 13:50:22,මුදල්,Order 00430-001-0063,Wayamba Motors,,[JC101034] Tensioner Assembly (Jc),1,15,1351.5,3220
,,,,,[39201719] Oil Seal Valve,2,15,340,
,,,,,[36DH4030] Kit Chain Guide Pulsar-150,1,15,816,
,,,,,[DS101096] Camshaft Cap,1,15,238,
,,,,,[790920121274] ABRO 999 Gasket Marker - Grey,1,0,470,
2021-09-18 13:37:31,මුදල්,Order 00430-001-0042,FALSE,,[PA121042] Fork Pipe Spinning,2,0,7200,26370
,,,,,[FORK-OIL(APLUS)] A Plus Fork Oil - 2W - 350ml,1,0,450,
,,,,,[JZ161204] Speedometer Cable,1,15,731,
,,,,,[DJ151057] Case Meter Gear Assy -Al Hsg,1,15,1589.5,
,,,,,[DE151012] Plate - Drive,1,0,50,
,,,,,[DE151008] Oil Seal [ F/ Hub - Disk ],1,0,200,
,,,,,[6301(NACHi)] NACHi 6301 Bearing,2,0,900,
,,,,,[36JH0011] Kit Fork Cylinder Comp,1,15,374,
,,,,,[DJ151041] Axle,1,15,680,
,,,,,[PA131021] Wheel Front 1.4X17-Di,1,0,14200,
2021-09-18 13:21:59,මුදල්,Order 00430-001-0061,FALSE,,[36JE0012] Kit Cyl Blk Pst Asly Sprint,1,17,9951.7,10910
,,,,,[JD511008] Gasket Cylinder Head,1,15,697,
,,,,,[JD521002] Gasket Cylinder Block,1,15,221,
,,,,,[CS101128] Gasket,1,0,40,
2021-09-18 13:14:02,මුදල්,Order 00430-001-0060,FALSE,,[SHELLAC-GLUE] Shellac Glue,1,0,300,300
2021-09-18 13:10:46,මුදල්,Order 00430-001-0058,FALSE,,[GK36AE00(SA)] SA Set - Gasket [5P] - 3W / RE,1,0,160,11430
,,,,,[36241010] Kit Oil Seal Re-5P,1,15,739.5,
,,,,,[36222246] Spring Plate Set,1,15,161.5,
,,,,,[SA06101007(SA)] SA Starter Gear,1,0,500,
,,,,,[SVA0024(SA)] SA Coupling Rubber - Large (Blue Colour),4,0,80,
,,,,,[15101122] Gasket,1,15,204,
,,,,,[22191096] Cable Comp Speedometer,1,15,901,
,,,,,[05101018] Bearing Needle [Nb125J815/C5] - Crankshaft,1,15,1096.5,
,,,,,[03100338] Bearing Ball [1838001/C3] - Crankshaft,1,15,773.5,
,,,,,[CD101082] Crank Shaft Assy,1,17,6814.3,
2021-09-18 12:59:23,මුදල්,Order 00430-001-0057,FALSE,,[BP00215(LUMAX)] Signal Unit - Boxer,2,0,1800,1800
2021-09-18 12:55:05,මුදල්,Order 00430-001-0051,FALSE,,[AA101499] Connecting Rod Kit-Re 4S,1,15,2541.5,12380
,,,,,[6305ZZE(NACHi)] NACHi 6305ZZE Bearing,1,0,1000,
,,,,,[6305(NACHi)] NACHi 6305 Bearing,1,0,650,
,,,,,[36AA4042] Kit_ Packing Set Re 205,1,17,2415.3,
,,,,,[36AA1004] Oil Seal Kit [3W-4S],1,15,680,
,,,,,[28101110] Damper Spring,1,15,263.5,
,,,,,[AA101564] Guide -Chain,1,15,510,
,,,,,[AA101565] Guide -Chain,1,15,535.5,
,,,,,[AA121336] Oil Pump Assembly,1,20,904,
,,,,,[03180116] O Ring,3,0,30,
,,,,,[AA121006] Oil Filter Element,1,17,215.8,
,,,,,[28101118] Bush,1,15,136,
,,,,,[AA101143] Rubber Pad,1,15,102,
,,,,,[39200811] Plain Washer,1,0,90,
,,,,,[39167404] Flanged Bolt,1,0,30,
,,,,,[30191037] Pin,2,0,80,
,,,,,[30G(HI-BOND)] HiBond Glue - 30g,1,0,300,
,,,,,[500702NAE] Caltex Super - 4T - 20/50 - 1L,2,0,1900,
2021-09-18 12:51:12,මුදල්,Order 00430-001-0055,FALSE,,[JD511202] Valve Exhaust,2,17,2041.8,8530
,,,,,[JD511201] Intake Valve,2,17,1643.4,
,,,,,[36JZ0102] Valve Kit,2,17,3386.4,
,,,,,[36DH4030] Kit Chain Guide Pulsar-150,2,17,1460.8,
2021-09-18 12:49:20,මුදල්,Order 00430-001-0054,FALSE,,[JA561207] Inhibitor Complete Gear Shift,1,15,289,290
2021-09-18 12:45:52,මුදල්,Order 00430-001-0052,FALSE,,[DX121010] Air Filter - Element,4,17,2224.4,3020
,,,,,[31121029] Filter Element-Air,2,17,796.8,
2021-09-18 12:41:04,මුදල්,Order 00430-001-0050,FALSE,,[DJ101216] Tensioner Assembly Discover Black,1,15,1317.5,2970
,,,,,[DH111015] Cap-Spark Plug,2,15,833,
,,,,,[DG111008] Plug Spark,2,15,816,
2021-09-18 12:30:57,මුදල්,Order 00430-001-0048,FALSE,,[510853VREL] Caltex Grease - 100g,1,0,230,230
2021-09-18 12:27:17,මුදල්,Order 00430-001-0047,FALSE,,[AA101154] Oil Strainer,1,15,127.5,170
,,,,,[24121402] O_Ring For Lpg Filter,1,0,40,
2021-09-18 12:25:26,මුදල්,Order 00430-001-0046,FALSE,,[24181043] Steering Column Assembly,1,0,14800,17080
,,,,,[36BA4039] Kit Pivot Pin With Grease Hole,1,0,2000,
,,,,,[AB181017] Stel Bal/Nyln Cag Up,1,15,93.5,
,,,,,[AB181012] Stl Ball With Cage L,1,15,191.25,
2021-09-18 12:08:55,මුදල්,Order 00430-001-0045,FALSE,,[30151105] Brake Shoe Assy,1,15,697,700
2021-09-18 12:08:12,මුදල්,Order 00430-001-0044,FALSE,,[DJ161221] Fender Rear-Additional (Pulsar Ug Ii),1,0,1000,1000
2021-09-18 12:07:03,මුදල්,Order 00430-001-0043,FALSE,,[AA101598] Clutch Comp,1,0,7800,7800
2021-09-18 12:04:43,මුදල්,Order 00430-001-0041,FALSE,,[DD101325] Cap Oil Filter,1,0,90,130
,,,,,[01100610] Woodruff Key For Magneto,1,0,40,
2021-09-18 11:47:56,මුදල්,Order 00430-001-0040,Lankika Tradding,,[DV101042] Gasket Cover Magneto,5,17,996,1000
2021-09-18 11:45:18,මුදල්,Order 00430-001-0039,FALSE,,[DZ141040] Fuel Cock Assly. Platina (Economical),1,15,1113.5,1770
,,,,,[31151060] Shoe Brake,1,15,654.5,
2021-09-18 11:37:35,මුදල්,Order 00430-001-0038,FALSE,,[36DU1001] Kit - O'Ring Cylinder Head,1,15,467.5,2920
,,,,,[36DD4002] Kit Gasket Ct100,1,15,527,
,,,,,[DM101139] Gasket (Gen. Cover),1,15,187,
,,,,,[DM101140] Gasket (Clutch),1,15,348.5,
,,,,,[39108019] Oil Seal [ F / Sprocket ],1,15,102,
,,,,,[39104219] Oil Seal [ Magneto ],1,15,144.5,
,,,,,[30101142] Oil Seal [ Kick ],1,15,93.5,
,,,,,[39104319] Oil Seal [ Gear Shaft Inner ],1,15,119,
,,,,,[36311006] Chain Guide Kit (4S),1,15,935,
2021-09-18 11:31:39,මුදල්,Order 00430-001-0037,FALSE,,[JN401600] Dc Horn Lh With Stay,1,15,1955,1960
2021-09-18 11:31:04,මුදල්,Order 00430-001-0036,FALSE,,[30101142] Oil Seal [ Kick ],1,15,93.5,2180
,,,,,[39171519] Oil Seal [ Magento ],1,0,90,
,,,,,[39219019] Oil Seal [ Gear Shaft Inner ],1,15,119,
,,,,,[JD511010] Gasket Head Cover,1,15,561,
,,,,,[JD521002] Gasket Cylinder Block,1,15,221,
,,,,,[JD511008] Gasket Cylinder Head,1,15,697,
,,,,,[JA541205] Gasket Magneto Cover,1,15,238,
,,,,,[CB101114] Gasket Exhaust Pipe,1,15,119,
,,,,,[CS101128] Gasket,1,0,40,
2021-09-18 11:25:08,මුදල්,Order 00430-001-0035,Mahinda Motors,,[JZ351206] Cdi  Disco-125,1,0,5400,5400
2021-09-18 11:20:39,මුදල්,Order 00430-001-0008,FALSE,,[36DU4026] Kit Connecting Rod Ct100,1,17,3137.4,19510
,,,,,[36JZ0074] Kit Block & Piston-D125 Mx,1,17,10167.5,
,,,,,[DU101218KA] Cylinder Block Piston Kit,1,17,6200.1,
2021-09-18 11:18:52,මුදල්,Order 00430-001-0034,FALSE,,[790920121274] ABRO 999 Gasket Marker - Grey,1,0,480,480
2021-09-18 11:18:05,මුදල්,Order 00430-001-0033,FALSE,,[DH101110] Gear 4Th Driven,1,12,2340.8,2340
2021-09-18 11:11:27,මුදල්,Order 00430-001-0032,FALSE,,[JL181008] Windshield Assembly,1,13,1104.9,1100
2021-09-18 11:10:45,මුදල්,Order 00430-001-0031,FALSE,,[52240483] Bumper Assly (24231063)- Primer Coated,1,18,1697.4,1700
2021-09-18 11:05:59,මුදල්,Order 00430-001-0029,FALSE,,[SVA0013] Side Mirror Set (Aa221005),1,0,200,200
2021-09-18 10:56:31,මුදල්,Order 00430-001-0028,FALSE,,[DM101139] Gasket (Gen. Cover),1,17,182.6,2020
,,,,,[36314001K] Steering Cone Kit - Ct / Platina 100,1,17,1103.9,
,,,,,[DL181080] Seal Oil-Fork,2,17,730.4,
2021-09-18 10:52:55,මුදල්,Order 00430-001-0027,FALSE,,[AL201012] Relay Head Light,1,15,476,1430
,,,,,[CL201023] Bulb - Head Lamp 12V-35/35W-Hs1,2,15,952,
2021-09-18 10:39:32,මුදල්,Order 00430-001-0026,FALSE,,[DH201080] Sensor Speed-Cable,1,15,1096.5,1100
2021-09-18 10:35:55,මුදල්,Order 00430-001-0025,FALSE,,[DH101016] Gasket - Cylinder,1,15,178.5,13750
,,,,,[DH101033] Gasket - Cylinder Head,1,15,807.5,
,,,,,[DS101036] Cam-Chain :-24-94L,1,15,1190,
,,,,,[DS101096] Camshaft Cap,1,15,238,
,,,,,[39201719] Oil Seal Valve,2,15,340,
,,,,,[DS101360] Cylinder Block Piston Assly,1,17,10997.5,
2021-09-18 10:32:30,මුදල්,Order 00430-001-0023,FALSE,,[36DS1201] Kit - Vaccum Piston Carburettor,1,15,2686,3760
,,,,,[DS121060] Jet Needle,1,15,255,
,,,,,[DG111008] Plug Spark,2,15,816,
2021-09-18 10:26:03,මුදල්,Order 00430-001-0021,Viduranga Motors,,[36DD4008] Kit Plate Clutch  ( Dd101480 ),1,0,1710,4300
,,,,,[30101096] Plate-Clutch ( Steel),4,0,720,
,,,,,[36DU1001] Kit - O'Ring Cylinder Head,1,0,550,
,,,,,[DM101140] Gasket (Clutch),1,0,410,
,,,,,[39240320] Bearing Ball [628],1,0,550,
,,,,,[39103519] Oil Seal Valve,2,0,360,
2021-09-18 10:15:45,මුදල්,Order 00430-001-0020,FALSE,,[JZ161202] Cable Accelerator,1,12,580.8,3860
,,,,,[DS191054] Cable -Brake With Iner Cable Dia. 2.5 Mm,1,15,867,
,,,,,[JZ161203] Cable Clutch,1,15,1062.5,
,,,,,[31151060] Shoe Brake,1,15,654.5,
,,,,,[30151105] Brake Shoe Assy,1,15,697,
2021-09-18 10:04:12,මුදල්,Order 00430-001-0019,FALSE,,[AB151095] Minor Kit- Re Wheel Cyl D25.4,1,15,340,2620
,,,,,[AF111010] Ignition Coil 3W Re-4S,1,15,1997.5,
,,,,,[94WCC11900042] DOT 3 Brake Oil - 200ml,1,0,280,
2021-09-18 10:01:48,මුදල්,Order 00430-001-0018,Lankika Tradding,,[AN101033] Crankcase - Magneto Side,1,20,22736,22740
2021-09-18 10:00:35,මුදල්,Order 00430-001-0017,FALSE,,[94WCC11900042] DOT 3 Brake Oil - 200ml,1,0,280,280
2021-09-18 09:59:56,මුදල්,Order 00430-001-0016,FALSE,,[DJ151071] Set - Disc Pad [ Ets ],1,17,738.7,1270
,,,,,[JW131809] Caliper Mini Kit,1,15,535.5,
2021-09-18 09:58:53,මුදල්,Order 00430-001-0015,FALSE,,[31151060] Shoe Brake,1,15,654.5,1550
,,,,,[JZ161221] Cable Accelerator,1,17,846.6,
,,,,,[22101423] Rubber Ring,1,0,50,
2021-09-18 09:56:31,මුදල්,Order 00430-001-0014,FALSE,,[36224004K] Rear Wheel Bearing Kit 2S-3W,2,15,3043,4610
,,,,,[AA171006] Silent Bush -Trailing Arm,1,15,450.5,
,,,,,[36152203] Liner Set [22-1502-39],1,20,432,
,,,,,[AB151095] Minor Kit- Re Wheel Cyl D25.4,2,15,680,
2021-09-18 09:54:19,මුදල්,Order 00430-001-0013,FALSE,,[24151171] Kit Shoe Brake,2,15,1598,2420
,,,,,[AB151095] Minor Kit- Re Wheel Cyl D25.4,2,15,680,
,,,,,[13101165] Gasket,1,15,144.5,
2021-09-18 09:51:54,මුදල්,Order 00430-001-0012,FALSE,,[31101067] Gauge,1,15,195.5,200
2021-09-18 09:48:34,මුදල්,Order 00430-001-0010,FALSE,,[31101067] Gauge,1,15,195.5,200
2021-09-18 09:40:47,මුදල්,Order 00430-001-0007,FALSE,,[36JZ0007] Kit Chain Sprocket,1,20,4296,4300
2021-09-18 09:39:32,මුදල්,Order 00430-001-0006,FALSE,,[AF201036] Rr Unit ( 4S),1,0,3900,3900
2021-09-18 09:34:45,මුදල්,Order 00430-001-0005,FALSE,,[JZ161202] Cable Accelerator,1,12,580.8,2510
,,,,,[DS191054] Cable -Brake With Iner Cable Dia. 2.5 Mm,1,15,867,
,,,,,[JZ161203] Cable Clutch,1,15,1062.5,
2021-09-18 09:33:12,මුදල්,Order 00430-001-0004,FALSE,,[DJ141056] Fuel Cock (Export Market),1,15,1037,1410
,,,,,[DL181080] Seal Oil-Fork,1,15,374,
2021-09-18 09:23:41,මුදල්,Order 00430-001-0003,FALSE,,[PLUG-2S(BOSCH)] Bosch Plug - 2S,1,0,300,300
2021-09-18 09:17:31,මුදල්,Order 00430-001-0002,FALSE,,[59200012] Bearing : Needdle (Sl 35 20 ),1,15,425,1890
,,,,,[6204-2NSE(NACHi)] NACHi 6204 - 2NSE Bearing,1,0,500,
,,,,,[24171024] Grease Seal [ R / Hub ],1,15,170,
,,,,,[22171007] Grease Seal [ R / Hub ],1,15,153,
,,,,,[AA191068] Cable Complete Reverse,1,15,637.5,
2021-09-18 09:13:53,මුදල්,Order 00430-001-0001,FALSE,,[36DH4154] Kit Chain Sprocket,1,0,7500,7500
2021-09-16 18:40:15,මුදල්,Order 00429-002-0001,FALSE,,[36JZ0183] Block Piston Kit,1,20,8120,9760
,,,,,[36JH0028] Kit Valve V12,1,20,1640,
2021-09-15 13:34:43,මුදල්,Order 00429-001-0013,FALSE,,[JB551411] Hub Clutch  Modified,1,17,1261.6,14100
,,,,,[JB551408] Wheel Clutch,1,17,763.6,
,,,,,[52JB0231] Cylinder Block & Piston Assly Disco Sp,1,17,7860.1,
,,,,,[JB511019] Gasket Cylinder Head Disco-94,1,17,655.7,
,,,,,[JD511004] Sleeve Spark Plug,1,17,664,
,,,,,[36DH4174] Disc Pad Set Rear Caliper Endu,1,17,1261.6,
,,,,,[JD521002] Gasket Cylinder Block,1,17,215.8,
,,,,,[36DD4008] Kit Plate Clutch  ( Dd101480 ),1,17,1419.3,
2021-09-15 13:23:33,මුදල්,Order 00429-001-0012,FALSE,,[DP181063] Windshield With Label,1,15,1215.5,1220
2021-09-15 13:16:49,මුදල්,Order 00429-001-0011,FALSE,,[DJ191015] Cable Comp Clutch,1,15,833,830
2021-09-15 13:16:13,මුදල්,Order 00429-001-0010,FALSE,,[DH121093] Needle Assembly,1,15,994.5,990
2021-09-15 13:15:19,මුදල්,Order 00429-001-0009,FALSE,,[JK181001] Windshield,1,15,943.5,2940
,,,,,[DL181010] Well Nut,4,15,374,
,,,,,[DZ191014] Cable - Speedometer Without Bent Tube,1,15,697,
,,,,,[DK151094] Coupling Rubber,1,15,926.5,
2021-09-15 13:09:25,මුදල්,Order 00429-001-0008,FALSE,,[DS101197] Sprocket-Output [14T],1,15,748,6230
,,,,,[DH101877] Friction Plate Kit 150Cc (Fol),1,15,4029,
,,,,,[30151105] Brake Shoe Assy,1,15,697,
,,,,,[DJ151071] Set - Disc Pad [ Ets ],1,15,756.5,
2021-09-15 13:08:29,මුදල්,Order 00429-001-0007,FALSE,,[DM101139] Gasket (Gen. Cover),1,15,187,190
2021-09-15 13:06:02,මුදල්,Order 00429-001-0006,FALSE,,[39103519] Oil Seal Valve,2,15,306,5940
,,,,,[36DD4002] Kit Gasket Ct100,1,15,518.5,
,,,,,[DM101140] Gasket (Clutch),1,15,340,
,,,,,[36DU1001] Kit - O'Ring Cylinder Head,1,15,467.5,
,,,,,[36DD4008] Kit Plate Clutch  ( Dd101480 ),1,15,1453.5,
,,,,,[36311028] Valve Kit Caliber,1,15,1725.5,
,,,,,[DF121003] Pump Assy,1,15,1130.5,
2021-09-15 12:58:36,මුදල්,Order 00429-001-0005,FALSE,,[36JZ0002] Kit Blk/Pst Asly Disco H,1,0,10900,14960
,,,,,[39201719] Oil Seal Valve,2,15,340,
,,,,,[DS101036] Cam-Chain :-24-94L,1,15,1190,
,,,,,[JD511010] Gasket Head Cover,1,15,510,
,,,,,[JD521002] Gasket Cylinder Block,1,15,221,
,,,,,[JZ511016] Gasket Cylinder Head,1,15,629,
,,,,,[JA541212] Gasket Clutch Cover,1,15,272,
,,,,,[BGO20W50C] Bajaj Genuine Oil 20W 50 Can 1L,1,0,900,
2021-09-15 12:52:08,මුදල්,Order 00429-001-0004,FALSE,,[52JB0231] Cylinder Block & Piston Assly Disco Sp,1,17,7860.1,23030
,,,,,[JY551402] Clutch One Way Assly,1,17,6897.3,
,,,,,[36DK0076] Kit Starter Clutch Assembly Dk101595,1,17,4332.6,
,,,,,[36PA0042] Kit Chain Sprocket Disco M Fx,1,17,3942.5,
2021-09-15 12:50:05,මුදල්,Order 00429-001-0003,FALSE,,[36DK0076] Kit Starter Clutch Assembly Dk101595,1,17,4332.6,24000
,,,,,[52JB0231] Cylinder Block & Piston Assly Disco Sp,1,17,7860.1,
,,,,,[52JB0231] Cylinder Block & Piston Assly Disco Sp,1,17,7860.1,
,,,,,[36PA0042] Kit Chain Sprocket Disco M Fx,1,17,3942.5,
2021-09-15 12:45:43,මුදල්,Order 00429-001-0001,FALSE,,[DJ151071] Set - Disc Pad [ Ets ],1,15,756.5,9270
,,,,,[DJ191023] Kit - Major : Master Cylinder [ Ets ],1,15,875.5,
,,,,,[36DJ4104] Kit Minor Claiper,1,15,433.5,
,,,,,[JN181001] Windshield,2,15,2635,
,,,,,[36JZ0007] Kit Chain Sprocket,1,15,4564.5,
2021-09-14 12:49:17,මුදල්,Order 00428-002-0016,FALSE,,[DG111008] Plug Spark,2,15,816,820
2021-09-14 12:47:04,මුදල්,Order 00428-002-0015,FALSE,,[AN101257] Guide Chain (Tensioner Side),1,20,560,4300
,,,,,[AN101166] Guide Chain,1,20,216,
,,,,,[36AA4070] Kit 3W Driver Seat Enclosure,1,20,3520,
2021-09-14 12:45:44,මුදල්,Order 00428-002-0014,FALSE,,[DS211006] Lock Assy. Seat,1,15,612,610
2021-09-14 12:45:08,මුදල්,Order 00428-002-0013,FALSE,,[DS201003] Regulator-Ac/Dc,1,15,2465,2470
2021-09-14 12:30:57,මුදල්,Order 00428-002-0011,FALSE,,[30151105] Brake Shoe Assy,1,15,697,700
2021-09-14 12:26:58,මුදල්,Order 00428-002-0010,FALSE,,[6301(NACHi)] NACHi 6301 Bearing,2,0,900,900
2021-09-14 12:22:17,මුදල්,Order 00428-002-0009,FALSE,,[AN101149] Gasket Head,1,15,773.5,770
2021-09-14 12:17:55,මුදල්,Order 00428-002-0008,FALSE,,[36AN0010] Cylinder Block And Piston (3W Re),1,17,8980.6,14290
,,,,,[AN121201] Manifold Intake,1,15,442,
,,,,,[AA101844] Seal Head Cover,1,15,501.5,
,,,,,[36AA4033] Valve Kit- Fl,1,15,2218.5,
,,,,,[AN101421] Rubber Coupling - Cng,1,15,552.5,
,,,,,[AA101013] Block Gasket,1,15,153,
,,,,,[6002(NACHi)] NACHi 6002 Bearing,1,0,430,
,,,,,[6302-2NSE(NACHi)] NACHi 6302 - 2NSE Bearing,1,0,490,
,,,,,[DJ101064(YL)] YL Gasket - Exhaust,1,0,220,
,,,,,[39137704] Bolt,1,15,110.5,
,,,,,[AA101283] Gasket Silenser,1,15,187,
2021-09-14 12:07:27,මුදල්,Order 00428-002-0007,FALSE,,[36BA4039] Kit Pivot Pin With Grease Hole,1,17,2025.2,2030
2021-09-14 12:04:15,මුදල්,Order 00428-002-0006,FALSE,,[500702NAE] Caltex Super - 4T - 20/50 - 1L,2,0,1900,2090
,,,,,[AA121006] Oil Filter Element,1,15,187,
2021-09-14 12:03:00,මුදල්,Order 00428-002-0005,FALSE,,[36JZ0007] Kit Chain Sprocket,1,16,4510.8,4510
2021-09-14 11:58:43,මුදල්,Order 00428-002-0004,FALSE,,[DS101096] Camshaft Cap,1,15,229.5,230
2021-09-14 11:54:12,මුදල්,Order 00428-001-0003,FALSE,,[36JE0012] Kit Cyl Blk Pst Asly Sprint,1,17,9951.7,15650
,,,,,[DK201078] Starter Relay- With Nut,1,17,1560.4,
,,,,,[39201719] Oil Seal Valve,12,17,1992,
,,,,,[DH201080] Sensor Speed-Cable,2,17,2141.4,
2021-09-12 17:17:21,මුදල්,Order 00428-001-0002,"David Peris Motor Company, Mr. Rasika ",,[DJ191008] Cable - Accelerator,4,20,2080,4860
,,,,,[JZ161200] Clutch Cable,3,20,2784,
2021-09-12 17:14:51,මුදල්,Order 00428-001-0001,"David Peris Motor Company, Mr. Roshan",,[36DU4085] Kit Chain Sprocket Ct100Es,1,20,4360,39670
,,,,,[JL181008] Windshield Assembly,1,20,1016,
,,,,,[52JL0937] K4 Ug Side Mask Rh Satin Blk +White Dcal,1,20,1024,
,,,,,[JL402412] Speedometer Assembly,1,20,20616,
,,,,,[JE351206] Cdi D102C,1,20,6216,
,,,,,[JE351232] Cdi Assembly With Damper K16B,1,20,6440,
2021-09-10 16:38:32,මුදල්,Order 00426-004-0013,FALSE,,[31151060] Shoe Brake,1,15,654.5,650
2021-09-10 16:33:22,මුදල්,Order 00426-004-0012,FALSE,,[DK181019] Oil Seal,2,15,1105,1110
2021-09-10 16:26:21,මුදල්,Order 00426-004-0011,FALSE,,[AN101123] Piston Assy With Block-Spares,1,20,8192,9430
,,,,,[39201719] Oil Seal Valve,2,20,320,
,,,,,[28101118] Bush,1,20,128,
,,,,,[AN101012] Gasket - Head,1,20,648,
,,,,,[AA101013] Block Gasket,1,20,144,
2021-09-10 16:19:56,මුදල්,Order 00426-004-0010,FALSE,,[59200012] Bearing : Needdle (Sl 35 20 ),2,15,850,2920
,,,,,[36BA4039] Kit Pivot Pin With Grease Hole,1,15,2074,
2021-09-10 16:18:45,මුදල්,Order 00426-004-0009,FALSE,,[31151060] Shoe Brake,1,15,654.5,650
2021-09-10 16:17:23,මුදල්,Order 00426-004-0008,FALSE,,[36224004] Kit Bush Inner Race- New,2,15,1615,3690
,,,,,[36BA4039] Kit Pivot Pin With Grease Hole,1,15,2074,
2021-09-10 16:04:17,මුදල්,Order 00426-004-0007,FALSE,,[JL181008] Windshield Assembly,1,15,1079.5,1080
2021-09-10 15:56:19,මුදල්,Order 00426-004-0006,FALSE,,[24171076] Axle Boot,2,15,816,820
2021-09-10 15:53:06,මුදල්,Order 00426-004-0005,FALSE,,[59200012] Bearing : Needdle (Sl 35 20 ),2,15,850,4680
,,,,,[AA111153] Plug Spark With Solid Post-Fmg,2,15,816,
,,,,,[24151058] Cable Assembly - Hand Brake Front Side,1,15,943.5,
,,,,,[36BA4039] Kit Pivot Pin With Grease Hole,1,15,2074,
2021-09-10 15:51:15,මුදල්,Order 00426-004-0004,FALSE,,[24171014K] Coupling  Lock Kit,2,15,204,500
,,,,,[RJ0520(VARROC)] Varroc Slider Block Kit,2,0,300,
2021-09-10 15:46:30,මුදල්,Order 00426-004-0003,FALSE,,[DS101360] Cylinder Block Piston Assly,1,15,11262.5,11260
2021-09-10 15:45:52,මුදල්,Order 00426-004-0002,FALSE,,[39201719] Oil Seal Valve,10,15,1700,2690
,,,,,[36311006] Chain Guide Kit (4S),1,15,986,
2021-09-10 15:43:53,මුදල්,Order 00426-004-0001,Administrator,,[BGO10W30C] Bajaj Genuine Oil 10W30 Can 1L,1,0,950,950
2021-09-09 12:43:53,මුදල්,Order 00426-003-0025,FALSE,,[24130105] Bearing Ball [16007] - Differential,2,15,2057,4740
,,,,,[36DS1201] Kit - Vaccum Piston Carburettor,1,15,2686,
2021-09-09 12:39:16,මුදල්,Order 00426-003-0023,FALSE,,[36DU1205] Kit - Carburettor Float Pin,1,0,800,800
2021-09-09 12:31:56,මුදල්,Order 00426-003-0022,FALSE,,[DX101045] Gear Transmission Spur (2 Nd I/P),1,15,1096.5,1100
2021-09-09 12:20:44,මුදල්,Order 00426-003-0021,FALSE,,[JD401004] Indicator Rr Rh-Cl Lens,2,15,2669,14520
,,,,,[36JE0014] Kit Chain Sprocket O Ring Type (Servicable Kit Part Number - 36Je0007),1,15,5941.5,
,,,,,[JD72024M] Pntd Front Fender With Flap - Mid Blk,1,15,4547.5,
,,,,,[JD113032] Assembly Main Step Rh Pulsar Peg,1,15,960.5,
,,,,,[FORK-OIL-350ML(MAX)] Max Fork Oil - 350ml,1,0,400,
2021-09-09 12:11:01,මුදල්,Order 00426-003-0020,FALSE,,[39100820] Bearing Needle [Bk1312],2,20,528,2740
,,,,,[DU101278] Shaft Input Ct100,1,20,2208,
2021-09-09 12:08:47,මුදල්,Order 00426-003-0019,FALSE,,[JL161200] Cable Clutch,1,15,1487.5,1490
2021-09-09 12:06:01,මුදල්,Order 00426-003-0018,FALSE,,[AP121132] Element Airfilter(Twin),1,15,484.5,670
,,,,,[AA121006] Oil Filter Element,1,15,187,
2021-09-09 12:04:33,මුදල්,Order 00426-002-0017,FALSE,,[SA24171006(SA)] SA Propeller Shaft,1,0,750,1790
,,,,,[24171014K] Coupling  Lock Kit,2,15,204,
,,,,,[BF551613] Seal Oil,2,15,646,
,,,,,[AA121006] Oil Filter Element,1,15,187,
2021-09-06 14:55:52,මුදල්,Order 00426-002-0016,FALSE,,[JB531005] Cam Chain (90 Links),1,15,1649,1650
2021-09-06 14:52:48,මුදල්,Order 00426-001-0015,FALSE,,[36JK0031] Kit Block Piston Assly Bm125,1,17,9652.9,32770
,,,,,[36314001K] Steering Cone Kit - Ct / Platina 100,1,15,1130.5,
,,,,,[DZ171016] Rear  Shock Absorber Black Power Coated,2,17,10059.6,
,,,,,[DU201101] Lamp - Head Assly [ Thl ],1,15,4207.5,
,,,,,[DZ191014] Cable - Speedometer Without Bent Tube,1,15,697,
,,,,,[DZ181004] Lock Set (3 In 1) - Ve,1,15,3731.5,
,,,,,[JA511006] Gasket Cylinder Head,1,15,646,
,,,,,[JK401008] Rr Rh Blinker Amber Lens 2P Cplr,1,15,960.5,
,,,,,[JK401009] Fr Lh Blinker Amber Lens 2P Cplr,1,15,909.5,
,,,,,[JA521002] Guide Camchain (Tight Side),1,15,93.5,
,,,,,[DJ181087] Oil Seal [ Fork ],2,15,680,
2021-09-06 14:26:09,මුදල්,Order 00426-001-0014,FALSE,,[31101020] Arm-Rocker,2,15,1173,4980
,,,,,[DD101063] Cam Shaft Assy *,1,15,3808,
2021-09-06 14:23:48,මුදල්,Order 00426-001-0007,"David Peris Motor Company, Mr. Rasika ",,[JF161202] Cable Throtle (K11),1,20,808,810
2021-09-06 14:00:10,මුදල්,Order 00426-001-0006,FALSE,,[JA151013] Fork Inner Tube Xcd 125,2,15,8313,9060
,,,,,[DL181080] Seal Oil-Fork,2,15,748,
2021-09-06 13:53:56,මුදල්,Order 00426-001-0005,FALSE,,[DH171013] Collar - Swing Arm,2,15,731,1110
,,,,,[DH171014] Bush - Swing Arm,4,15,374,
2021-09-06 13:38:16,මුදල්,Order 00426-001-0004,FALSE,,[DS101251] Lever Comp.Change With Damper,1,15,918,920
2021-09-06 13:18:17,මුදල්,Order 00426-001-0002,FALSE,,[DS101319] Clutch Centre,0,15,0,2810
,,,,,[DS191013] Cable - Choke,1,15,408,
,,,,,[DH101344] Plate Clutch Pressure,1,15,0,
,,,,,[6004(NACHi)] NACHi 6004 Bearing,2,10,990,
,,,,,[SADJ181044(SA)] SA Fork Boot,1,0,450,
,,,,,[DH101344] Plate Clutch Pressure,1,15,960.5,
2021-08-20 18:04:18,මුදල්,Order 00425-001-0070,FALSE,,[36DH4041] Kit Plate Friction Dis 135,1,15,1819,2370
,,,,,[DJ191008] Cable - Accelerator,1,15,552.5,
2021-08-20 18:02:14,මුදල්,Order 00425-001-0069,FALSE,,[94WCC11900041] DOT 3 Brake Oil - 100ml,1,0,180,180
2021-08-20 18:01:16,මුදල්,Order 00425-001-0067,FALSE,,[AB151074] Kit - Minor T.M.Cyl.,1,13,574.2,570
2021-08-20 17:56:02,මුදල්,Order 00424-001-0072,FALSE,,[36AA1004] Oil Seal Kit [3W-4S],1,0,800,30350
,,,,,[AB101067] Cross,1,16,1167.6,
,,,,,[AA101033] Crank Shaft Assly,1,17,9727.6,
,,,,,[28101110] Damper Spring,1,15,263.5,
,,,,,[13101024] Rocker Arm Shaft,1,15,127.5,
,,,,,[AA101210] Plate Friction,7,16,2175.6,
,,,,,[AA101472] Plate Clutch,6,15,969,
,,,,,[AA101364] Spring - Clutch,6,0,300,
,,,,,[28101118] Bush,1,15,136,
,,,,,[AA101588] Gear Multiple,1,17,2755.6,
,,,,,[AA101392] Multiple Gear Shaft,1,16,2788.8,
,,,,,[AA101057] Idler Gear,1,17,4598.2,
,,,,,[6004(NACHi)] NACHi 6004 Bearing,1,0,550,
,,,,,[6305(NACHi)] NACHi 6305 Bearing,1,0,650,
,,,,,[39252820] Bearing-Needle Rollor:14*20*16,1,15,280.5,
,,,,,[AA101058] Trust Washer (Idler Gear),2,0,180,
,,,,,[AA101143] Rubber Pad,1,15,102,
,,,,,[36AA4021] Kit Chain Tensioner Spring Gasket Type,1,16,1167.6,
,,,,,[AA121006] Oil Filter Element,1,15,187,
,,,,,[SHELLAC-GLUE] Shellac Glue,1,0,300,
,,,,,[SUPER-GLUE] Super Glue,1,0,50,
,,,,,[SA24170427(SA)] SA Coupling Rubber - Small,4,0,40,
,,,,,[SVA0024(SA)] SA Coupling Rubber - Large (Blue Colour),4,0,80,
,,,,,[AA101054(YL)] YL Guide Stem,1,0,400,
,,,,,[AA101328] Gasket - Crank Case,1,15,552.5,
2021-08-20 17:46:11,මුදල්,Order 00425-001-0066,FALSE,,[DJ201176] Headlamp Assly Without Bulb,1,16,6283.2,12450
,,,,,[CL201023] Bulb - Head Lamp 12V-35/35W-Hs1,1,15,476,
,,,,,[DJ181119] Speedometer Cover Fairing Ug3,1,15,1921,
,,,,,[56DH046D] Fairing(Dj181117) Charcoal Black,1,10,3771,
2021-08-20 17:30:07,මුදල්,Order 00425-001-0065,FALSE,,[36AA4058] Wind Shield Refl Ed Coated (52240645),1,12.2,13499.25,13500
2021-08-20 17:22:15,මුදල්,Order 00425-001-0064,FALSE,,[790920121274] ABRO 999 Gasket Marker - Grey,1,0,470,470
2021-08-20 17:19:48,මුදල්,Order 00425-001-0062,FALSE,,[AA191073] Cable Compl Accelerator,1,15,943.5,940
2021-08-20 17:18:15,මුදල්,Order 00425-001-0061,FALSE,,[36JW0014] Kit Starter Clutch Repair Xcd 135 Cc,1,15,561,1530
,,,,,[36JE0003] Kit Chain Guide Sprint,1,15,629,
,,,,,[30101142] Oil Seal [ Kick ],1,15,93.5,
,,,,,[39219019] Oil Seal [ Gear Shaft Inner ],1,15,119,
,,,,,[39171519] Oil Seal [ Magento ],1,0,130,
2021-08-20 17:16:19,මුදල්,Order 00424-001-0071,FALSE,,[BGO20W50C] Bajaj Genuine Oil 20W 50 Can 1L,1,9,900.9,900
2021-08-20 17:08:27,මුදල්,Order 00424-001-0070,FALSE,,[DX101053(YL)] YL Body Centrifugal Oil Filter,1,0,2300,2300
2021-08-20 17:08:10,මුදල්,Order 00424-001-0068,FALSE,,[36241010] Kit Oil Seal Re-5P,1,15,739.5,12090
,,,,,[36222246] Spring Plate Set,1,15,161.5,
,,,,,[05101018] Bearing Needle [Nb125J815/C5] - Crankshaft,1,15,1096.5,
,,,,,[03100338] Bearing Ball [1838001/C3] - Crankshaft,1,15,773.5,
,,,,,[35101059] Flat Cross-5P,1,15,1691.5,
,,,,,[15101122] Gasket,1,15,204,
,,,,,[GK36AE00(SA)] SA Set - Gasket [5P] - 3W / RE,1,0,160,
,,,,,[SA06101007(SA)] SA Starter Gear,1,0,495,
,,,,,[GKAE1002(SA)] SA Gasket - Exhaust,1,0,30,
,,,,,[CD101082] Crank Shaft Assy,1,16,6736.8,
2021-08-20 17:06:42,මුදල්,Order 00425-001-0060,FALSE,,[52DU0104] Lever Comp. Change Shaft Sub Assly.,1,15,1717,1720
2021-08-20 17:02:47,මුදල්,Order 00425-001-0059,FALSE,,[39103519] Oil Seal Valve,2,15,306,310
2021-08-20 17:00:20,මුදල්,Order 00424-001-0067,FALSE,,[03100621] Roller Bearing 4Th Group,1,15,153,6810
,,,,,[TOP-KIT-5P-3W(CHANGE)] Change Top Kit - 5P - 3W,1,0,100,
,,,,,[15101122] Gasket,1,15,204,
,,,,,[CD101008(YL)] YL Cyl. Block Piston[5P],1,0,6350,
2021-08-20 16:58:19,මුදල්,Order 00424-001-0064,FALSE,,[36DU4026] Kit Connecting Rod Ct100,1,17.6,3114.72,26860
,,,,,[36311028] Valve Kit Caliber,1,14,1745.8,
,,,,,[39240320] Bearing Ball [628],1,15,467.5,
,,,,,[DU101056] Sprocket - Cam Driven [28T],1,15,221,
,,,,,[39104319] Oil Seal [ Gear Shaft Inner ],1,15,119,
,,,,,[30101142] Oil Seal [ Kick ],1,15,93.5,
,,,,,[39104219] Oil Seal [ Magneto ],1,15,144.5,
,,,,,[39108019] Oil Seal [ F / Sprocket ],1,15,102,
,,,,,[39100820] Bearing Needle [Bk1312],1,15,280.5,
,,,,,[DU101278] Shaft Input Ct100,1,15,2346,
,,,,,[DD111018] Spark Plug,2,15,731,
,,,,,[36311006] Chain Guide Kit (4S),1,15,986,
,,,,,[DM101139] Gasket (Gen. Cover),1,15,187,
,,,,,[DM101140] Gasket (Clutch),1,15,340,
,,,,,[6201(NACHi)] NACHi 6201 Bearing,2,0,840,
,,,,,[6203(NACHi)] NACHi 6203 Bearing,2,0,860,
,,,,,[6003(NACHi)] NACHi 6003 Bearing,2,0,900,
,,,,,[790920121274] ABRO 999 Gasket Marker - Grey,1,0,470,
,,,,,[DU101218KA] Cylinder Block Piston Kit,1,15,6349.5,
,,,,,[DZ181004] Lock Set (3 In 1) - Ve,1,15,3731.5,
,,,,,[31101033] Chain-Timing,1,15,960.5,
,,,,,[39103519] Oil Seal Valve,2,15,306,
,,,,,[36DU1001] Kit - O'Ring Cylinder Head,1,15,467.5,
,,,,,[6304(NACHi)] NACHi 6304 Bearing,2,0,1100,
2021-08-20 16:45:13,මුදල්,Order 00424-001-0065,FALSE,,[DU101218KA] Cylinder Block Piston Kit,1,15,6349.5,6350
2021-08-20 16:44:41,මුදල්,Order 00424-001-0063,FALSE,,[36PA0042] Kit Chain Sprocket Disco M Fx,1,14.7,3949.39,3950
2021-08-20 16:43:00,මුදල්,Order 00424-001-0061,FALSE,,[36AA1003] Kit Gasket Re 4S,1,15,1436.5,3310
,,,,,[AA101328] Gasket - Crank Case,1,15,552.5,
,,,,,[36AA1004] Oil Seal Kit [3W-4S],1,0,800,
,,,,,[790920121274] ABRO 999 Gasket Marker - Grey,1,0,470,
,,,,,[SUPER-GLUE] Super Glue,1,0,50,
2021-08-20 16:41:25,මුදල්,Order 00424-001-0062,FALSE,,[BGO20W50C] Bajaj Genuine Oil 20W 50 Can 1L,1,9,900.9,900
2021-08-20 16:39:50,මුදල්,Order 00425-001-0058,FALSE,,[36AA4055] Assembly Windshield- Ed Coated (52Al0278),1,0,11000,62260
,,,,,[AA231255] Glass Green Windshld Single Pc,1,0,15500,
,,,,,[AN101033] Crankcase - Magneto Side,1,0,15000,
,,,,,[36AA4042] Kit_ Packing Set Re 205,1,17,2415.3,
,,,,,[36AA4041] Kit_ Oil Seal Re 4S Fl,1,15,1317.5,
,,,,,[28101110] Damper Spring,1,15,263.5,
,,,,,[6305(NACHi)] NACHi 6305 Bearing,1,0,650,
,,,,,[6004(NACHi)] NACHi 6004 Bearing,1,0,550,
,,,,,[39143520] Bearing Needle [Hk1616],1,15,255,
,,,,,[AA101708] Needle Roller Bearing 14X22X16,1,15,841.5,
,,,,,[03100335] Bearing Needle [Sce188] - Mainshaft,1,15,297.5,
,,,,,[6204(NACHi)] NACHi 6204 Bearing,1,0,520,
,,,,,[59200012] Bearing : Needdle (Sl 35 20 ),1,15,425,
,,,,,[22171007] Grease Seal [ R / Hub ],1,15,153,
,,,,,[24171024(YL)] YL Grease Seal [ R / Hub ],1,0,130,
,,,,,[SVA0013] Side Mirror Set (Aa221005),1,15,374,
,,,,,[24171179] Assembly Trailing Arm Lh Fl,1,16,11852.4,
,,,,,[RJ0520(VARROC)] Varroc Slider Block Kit,2,0,300,
,,,,,[SA24170427(SA)] SA Coupling Rubber - Small,4,0,40,
,,,,,[SVA0024(SA)] SA Coupling Rubber - Large (Blue Colour),4,0,80,
,,,,,[SHELLAC-GLUE] Shellac Glue,1,0,300,
2021-08-20 16:21:11,මුදල්,Order 00425-001-0057,Lankika Tradding,,[DU101190] Assembly Rocker Arm Roller,2,17,3652,4250
,,,,,[SUPER-GLUE] Super Glue,12,0,600,
2021-08-20 16:19:32,මුදල්,Order 00425-001-0056,FALSE,,[DH111034] Brush Box Assly Kit,1,15,739.5,740
2021-08-20 16:12:58,මුදල්,Order 00425-001-0055,FALSE,,[DJ151071] Set - Disc Pad [ Ets ],1,15,756.5,760
2021-08-20 15:53:42,මුදල්,Order 00425-001-0051,FALSE,,[39104319] Oil Seal [ Gear Shaft Inner ],1,15,119,10800
,,,,,[30101142] Oil Seal [ Kick ],1,15,93.5,
,,,,,[39108019] Oil Seal [ F / Sprocket ],1,15,102,
,,,,,[39104219] Oil Seal [ Magneto ],1,15,144.5,
,,,,,[DU101218KA] Cylinder Block Piston Kit,1,15,6349.5,
,,,,,[31101033] Chain-Timing,1,15,960.5,
,,,,,[36311006] Chain Guide Kit (4S),1,15,935,
,,,,,[36DU1503] Kit - Speedometer Gear,1,15,391,
,,,,,[DD111018] Spark Plug,1,15,365.5,
,,,,,[DD111048] Cap-Spark Plug -Resistive,1,0,400,
,,,,,[31121029] Filter Element-Air,1,15,408,
,,,,,[DM101139] Gasket (Gen. Cover),1,15,187,
,,,,,[DM101140] Gasket (Clutch),1,15,340,
2021-08-20 15:52:44,මුදල්,Order 00424-001-0060,Lankika Tradding,,[36JC0003] Kit Hardware Rod Brake ( New ),1,15,153,1870
,,,,,[JA511012] O-Ring Head Cover,1,17,937.9,
,,,,,[JA551415] Hub Clutch,1,15,782,
2021-08-20 15:48:11,මුදල්,Order 00425-001-0053,FALSE,,[BF152032] Assembly Outer Ball Joint,1,15,3315,3320
2021-08-20 15:44:59,මුදල්,Order 00425-001-0052,FALSE,,[AA111058] Plug - Spark : - Wr7Bc4,1,15,340,340
2021-08-20 15:41:35,මුදල්,Order 00424-001-0059,FALSE,,[AA101446] Block-Cylinder & Piston Assembly:Spare,1,0,6800,7360
,,,,,[AA101162] Head Gasket,1,15,408,
,,,,,[AA101013] Block Gasket,1,15,153,
2021-08-20 15:21:56,මුදල්,Order 00425-001-0050,FALSE,,[36DK0020] Kit Outer Tube,1,15,960.5,960
2021-08-20 15:04:18,මුදල්,Order 00425-001-0049,FALSE,,[24121070] Needle Valve,1,15,790.5,1160
,,,,,[24121079] Float  Assy,1,15,374,
2021-08-20 14:45:17,මුදල්,Order 00424-001-0058,FALSE,,[AA101692] Cover Fan,1,15,1113.5,1880
,,,,,[AA101512] Cowling Complete - Internal,1,15,765,
2021-08-20 14:42:07,මුදල්,Order 00425-001-0048,FALSE,,[30151105] Brake Shoe Assy,1,15,697,4900
,,,,,[36JZ0007] Kit Chain Sprocket,1,0,4200,
2021-08-20 14:38:23,මුදල්,Order 00424-001-0057,FALSE,,[DJ201102] Regulator Assembly,1,15,2796.5,2800
2021-08-20 14:33:27,මුදල්,Order 00425-001-0047,FALSE,,[AA111085] Brush Box Asly Kit 3W 48 Dia,1,16,1302,1300
2021-08-20 14:30:08,මුදල්,Order 00424-001-0056,FALSE,,[31121029] Filter Element-Air,1,15,408,2910
,,,,,[AB171044] Shockabsorber Assembly Complete-Front,1,16,2503.2,
2021-08-20 14:26:07,මුදල්,Order 00424-001-0055,FALSE,,[JA541211] Cap Oil Filler,1,7,204.6,260
,,,,,[01100905] O Ring,1,0,60,
2021-08-20 14:23:07,මුදල්,Order 00424-001-0054,FALSE,,[500702NAE] Caltex Super - 4T - 20/50 - 1L,3,0,2850,2850
2021-08-20 14:15:23,මුදල්,Order 00425-001-0046,FALSE,,[DU101223] Plug Drain (Magnetic) - Dd101275,1,15,212.5,270
,,,,,[01100323] Washer,1,0,60,
2021-08-20 14:08:03,මුදල්,Order 00425-001-0044,FALSE,,[AA111074] Spark Plug Cap With Rubber,1,12,484,480
2021-08-20 14:06:59,මුදල්,Order 00425-001-0040,FALSE,,[36DD4008] Kit Plate Clutch  ( Dd101480 ),1,15,1453.5,2170
,,,,,[30101096] Plate-Clutch ( Steel),4,15,714,
2021-08-20 14:06:02,මුදල්,Order 00424-001-0053,FALSE,,[AA161269] Beading Steering Cover Upper Fl,1,0,400,400
2021-08-20 14:03:58,මුදල්,Order 00425-001-0042,FALSE,,[DJ171033] U Nut Swing Arm,1,15,144.5,2350
,,,,,[39167121] O  Ring,10,15,2210,
2021-08-20 14:00:26,මුදල්,Order 00425-001-0041,FALSE,,[DJ171033] U Nut Swing Arm,1,15,144.5,820
,,,,,[DJ191061] Cable Throttle Ug3,1,15,671.5,
2021-08-20 13:59:58,මුදල්,Order 00425-001-0039,FALSE,,[DL181080] Seal Oil-Fork,2,15,748,1190
,,,,,[FORK-OIL-350ML(MAX)] Max Fork Oil - 350ml,1,0,440,
2021-08-20 13:53:02,මුදල්,Order 00424-001-0052,FALSE,,[DL181080] Seal Oil-Fork,2,15,748,750
2021-08-20 13:51:43,මුදල්,Order 00424-001-0051,FALSE,,[AM191005] Cable Inner Speedo Re205D,1,15,297.5,300
2021-08-20 13:43:07,මුදල්,Order 00424-001-0050,FALSE,,[CD101008(YL)] YL Cyl. Block Piston[5P],1,0,6350,7440
,,,,,[03100621] Roller Bearing 4Th Group,1,15,153,
,,,,,[AE101016] Clutch Driving Plate (5P),3,15,841.5,
,,,,,[TOP-KIT-5P-3W(CHANGE)] Change Top Kit - 5P - 3W,1,0,100,
2021-08-20 13:38:29,මුදල්,Order 00424-001-0049,FALSE,,[DH101188] Gear Complete - Starter Counte,1,15,1938,2050
,,,,,[DS101101] Shaft - Starter Counter,1,15,110.5,
2021-08-20 13:28:48,මුදල්,Order 00424-001-0048,FALSE,,[36314001K] Steering Cone Kit - Ct / Platina 100,1,0,1100,1100
2021-08-20 13:27:38,මුදල්,Order 00425-001-0038,FALSE,,[24151171] Kit Shoe Brake,2,15,1598,1600
2021-08-20 13:25:40,මුදල්,Order 00425-001-0035,FALSE,,[39218919] Oil Seal [ F / Sprocket ],1,0,200,200
2021-08-20 13:22:57,මුදල්,Order 00424-001-0047,FALSE,,[36DH4041] Kit Plate Friction Dis 135,1,15,1819,10240
,,,,,[DH101098] Plate Clutch,3,15,816,
,,,,,[JN521001] Block/Piston Assembly ( Spare ) Discover Black 135,1,0,7600,
2021-08-20 13:12:24,මුදල්,Order 00424-001-0046,FALSE,,[31201079] Rear  Brake  Switch,1,15,331.5,370
,,,,,[21101427] Spring,1,0,40,
2021-08-20 13:12:18,මුදල්,Order 00425-001-0033,FALSE,,[DU151010] Coupling,1,15,1606.5,1610
2021-08-20 12:54:15,මුදල්,Order 00425-001-0032,FALSE,,[AA201012] Starter Relay,1,15,1326,1330
2021-08-20 12:53:18,මුදල්,Order 00424-001-0045,FALSE,,[DU151010] Coupling,1,15,1606.5,1610
2021-08-20 12:52:19,මුදල්,Order 00425-001-0030,FALSE,,[31151060] Shoe Brake,1,15,654.5,650
2021-08-20 12:52:08,මුදල්,Order 00425-001-0029,FALSE,,[36314001K] Steering Cone Kit - Ct / Platina 100,1,10,1197,1200
2021-08-20 12:49:22,මුදල්,Order 00424-001-0044,FALSE,,[39104219] Oil Seal [ Magneto ],1,15,144.5,2350
,,,,,[36311006] Chain Guide Kit (4S),1,15,986,
,,,,,[DD101407] Tensioner Assembly-Clinch Type,1,15,1028.5,
,,,,,[DM101139] Gasket (Gen. Cover),1,15,187,
2021-08-20 12:46:11,මුදල්,Order 00425-001-0028,FALSE,,[36DS1002] Kit - Valve,1,15,1836,4870
,,,,,[39201719] Oil Seal Valve,2,15,340,
,,,,,[DS101036] Cam-Chain :-24-94L,1,15,1190,
,,,,,[DH101680] Gasket Cylinder Head,1,15,748,
,,,,,[DH101016] Gasket - Cylinder,1,15,178.5,
,,,,,[DS101072] Gasket - Cover :- Rh,1,15,348.5,
,,,,,[DS101096] Camshaft Cap,1,15,229.5,
2021-08-20 12:42:31,මුදල්,Order 00424-001-0043,FALSE,,[31191012] Speedo Meter Assy,1,15,5142.5,5140
2021-08-20 12:40:44,මුදල්,Order 00425-001-0027,FALSE,,[JZ122008] Adjuster Chain - Rh,1,8,450.8,450
2021-08-20 12:36:38,මුදල්,Order 00425-001-0026,FALSE,,[30101142] Oil Seal [ Kick ],1,15,93.5,90
2021-08-20 12:35:14,මුදල්,Order 00425-001-0023,FALSE,,[36JZ0002] Kit Blk/Pst Asly Disco H,1,17,10906.2,35170
,,,,,[36JZ0001] Kit Valve Disco H,1,15,1819,
,,,,,[39201719] Oil Seal Valve,2,15,340,
,,,,,[JD511010] Gasket Head Cover,1,15,510,
,,,,,[JD521002] Gasket Cylinder Block,1,15,221,
,,,,,[JZ511016] Gasket Cylinder Head,1,15,629,
,,,,,[JA541212] Gasket Clutch Cover,1,15,272,
,,,,,[JA541205] Gasket Magneto Cover,1,15,238,
,,,,,[CS101128] Gasket,1,0,40,
,,,,,[CB101114] Gasket Exhaust Pipe,1,15,119,
,,,,,[DS101036] Cam-Chain :-24-94L,1,16,1176,
,,,,,[36JE0005] Kit Clutch Plate Sprint,1,16,3687.6,
,,,,,[30101142] Oil Seal [ Kick ],1,15,93.5,
,,,,,[39219019] Oil Seal [ Gear Shaft Inner ],1,15,119,
,,,,,[39171519] Oil Seal [ Magento ],1,0,130,
,,,,,[6003(NACHi)] NACHi 6003 Bearing,1,0,450,
,,,,,[6002(NACHi)] NACHi 6002 Bearing,1,0,430,
,,,,,[36JE0003] Kit Chain Guide Sprint,1,15,629,
,,,,,[DD121181] Oil Filter With Spring,1,15,229.5,
,,,,,[BGO20W50C] Bajaj Genuine Oil 20W 50 Can 1L,1,9,900.9,
,,,,,[C1G0244511LU-12XL7B-B3G0] Lucas 12XL7B-B,1,20.3,4503.05,
,,,,,[DD111018] Spark Plug,2,15,731,
,,,,,[JZ161203] Cable Clutch,1,15,1062.5,
,,,,,[36DJ4104] Kit Minor Claiper,1,15,433.5,
,,,,,[DJ191023] Kit - Major : Master Cylinder [ Ets ],1,15,875.5,
,,,,,[30151041] Gear Meter Screw,1,15,297.5,
,,,,,[DS151038] Speedometer Gear 21T,1,0,120,
,,,,,[DJ191055] Lever - Clutch [ New Clutch Sw ],1,15,663,
,,,,,[DJ221003] Rear View Mirror Lh,1,15,816,
,,,,,[DJ221004] Rear View Mirror Rh,1,15,841.5,
,,,,,[DL181080] Seal Oil-Fork,2,15,748,
,,,,,[FORK-OIL-350ML(MAX)] Max Fork Oil - 350ml,1,0,430,
,,,,,[JZ161204] Speedometer Cable,1,10,711,
2021-08-20 12:27:00,මුදල්,Order 00424-001-0041,FALSE,,[BA132172] Flange (Differintial Gear Side),1,15,1615,1620
2021-08-20 12:10:40,මුදල්,Order 00424-001-0040,FALSE,,[36DU1205] Kit - Carburettor Float Pin,1,15,790.5,1040
,,,,,[36DU1204] Kit - Gasket O'Ring,1,15,246.5,
2021-08-20 12:04:22,මුදල්,Order 00424-001-0039,FALSE,,[DJ181087] Oil Seal [ Fork ],2,15,680,1130
,,,,,[FORK-OIL-350ML(MAX)] Max Fork Oil - 350ml,1,0,450,
2021-08-20 12:01:11,මුදල්,Order 00424-001-0038,FALSE,,[52DU0104] Lever Comp. Change Shaft Sub Assly.,1,15,1717,2060
,,,,,[DM101140] Gasket (Clutch),1,15,340,
2021-08-20 12:00:17,මුදල්,Order 00425-001-0021,FALSE,,[30101142] Oil Seal [ Kick ],1,15,93.5,330
,,,,,[39219019] Oil Seal [ Gear Shaft Inner ],1,15,119,
,,,,,[39171519] Oil Seal [ Magento ],1,0,120,
2021-08-20 11:48:35,මුදල්,Order 00425-001-0020,FALSE,,[DJ151071] Set - Disc Pad [ Ets ],1,15,756.5,760
2021-08-20 11:45:40,මුදල්,Order 00425-001-0018,FALSE,,[SA24171118(SA)] SA Axle Assembly Rear Wheel 4S,1,0,1450,3170
,,,,,[59200012] Bearing : Needdle (Sl 35 20 ),1,15,425,
,,,,,[22171007] Grease Seal [ R / Hub ],1,15,153,
,,,,,[24171024(YL)] YL Grease Seal [ R / Hub ],1,0,130,
,,,,,[6204(NACHi)] NACHi 6204 Bearing,1,0,520,
,,,,,[01100817] Lock Ring,1,0,40,
,,,,,[510853VQE] Caltex Grease - 250g,1,0,450,
2021-08-20 11:45:31,මුදල්,Order 00424-001-0037,FALSE,,[31151021] Shock Damper,4,15,748,750
2021-08-20 11:44:51,මුදල්,Order 00424-001-0036,Gamunu Motors,,[36DH4007] Kit Starter Clutch,1,10,513,760
,,,,,[DS101096] Camshaft Cap,1,10,243,
2021-08-20 11:44:55,මුදල්,Order 00425-001-0019,FALSE,,[DH101195] Nut Primary Drive Lock,1,15,161.5,1930
,,,,,[DS101096] Camshaft Cap,1,15,229.5,
,,,,,[DS101036] Cam-Chain :-24-94L,1,15,1190,
,,,,,[DS101072] Gasket - Cover :- Rh,1,15,348.5,
2021-08-20 11:39:18,මුදල්,Order 00424-001-0035,FALSE,,[36314001K] Steering Cone Kit - Ct / Platina 100,1,0,1100,1100
2021-08-20 11:38:32,මුදල්,Order 00424-001-0032,FALSE,,[36DU4026] Kit Connecting Rod Ct100,1,16,3494.4,19840
,,,,,[39186420] Bearing Ball [6304] - Crankshaft,2,15,1343,
,,,,,[DU101218KA] Cylinder Block Piston Kit,1,15,6349.5,
,,,,,[31101033] Chain-Timing,1,15,960.5,
,,,,,[36311006] Chain Guide Kit (4S),1,15,986,
,,,,,[39103519] Oil Seal Valve,2,15,306,
,,,,,[36311028] Valve Kit Caliber,1,15,1725.5,
,,,,,[36DD4008] Kit Plate Clutch  ( Dd101480 ),1,15,1453.5,
,,,,,[36JZ0103] Pressure Plate Kit,1,15,671.5,
,,,,,[DD101492] Wheel Clutch-Ct100,1,15,765,
,,,,,[DD101493] Hub Clutch-Ct100,1,15,671.5,
,,,,,[DZ141040] Fuel Cock Assly. Platina (Economical),1,15,1113.5,
2021-08-20 11:34:26,මුදල්,Order 00425-001-0017,FALSE,,[05101018] Bearing Needle [Nb125J815/C5] - Crankshaft,1,15,1096.5,1100
2021-08-20 11:28:56,මුදල්,Order 00424-001-0033,FALSE,,[36DU4026] Kit Connecting Rod Ct100,1,17,3452.8,4780
,,,,,[39186420] Bearing Ball [6304] - Crankshaft,2,16,1327.2,
2021-08-20 11:25:21,මුදල්,Order 00425-001-0015,FALSE,,[DU191005] Cable Comp Throttle,1,15,816,820
2021-08-20 11:23:07,මුදල්,Order 00425-001-0014,FALSE,,[AP111023(YL)] YL Switch Neutral Cable,1,0,250,1250
,,,,,[AA201239] Horn Dc 12V With Transil Diode,1,11,996.8,
2021-08-20 11:17:45,මුදල්,Order 00424-001-0031,FALSE,,[03100338] Bearing Ball [1838001/C3] - Crankshaft,1,10,801,1410
,,,,,[03100338] Bearing Ball [1838001/C3] - Crankshaft,1,10,612,
2021-08-20 10:59:19,මුදල්,Order 00424-001-0029,FALSE,,[JZ161210] Cable Speedometer,1,15,663,660
2021-08-20 10:58:19,මුදල්,Order 00424-002-0002,FALSE,,[DD121181] Oil Filter With Spring,1,15,229.5,3780
,,,,,[6203(NACHi)] NACHi 6203 Bearing,2,0,940,
,,,,,[36JE0003] Kit Chain Guide Sprint,1,15,629,
,,,,,[JD511010] Gasket Head Cover,1,15,510,
,,,,,[JD521002] Gasket Cylinder Block,1,15,221,
,,,,,[JD511008] Gasket Cylinder Head,1,15,697,
,,,,,[JA541212] Gasket Clutch Cover,1,15,272,
,,,,,[JA541205] Gasket Magneto Cover,1,15,238,
,,,,,[CS101128] Gasket,1,0,40,
2021-08-20 10:55:24,මුදල්,Order 00424-001-0028,FALSE,,[24170508] Coil Spring,1,0,2000,2000
2021-08-20 10:55:13,මුදල්,Order 00424-002-0001,FALSE,,[DL181010] Well Nut,4,15,374,1590
,,,,,[DP181063] Windshield With Label,1,15,1215.5,
2021-08-20 10:52:08,මුදල්,Order 00424-001-0027,FALSE,,[AA101077] Gasket Clutch Cover,1,15,688.5,4330
,,,,,[AA101569] Chain -Timing,1,15,858.5,
,,,,,[AA101564] Guide -Chain,1,15,510,
,,,,,[59200012] Bearing : Needdle (Sl 35 20 ),1,15,425,
,,,,,[6204(NACHi)] NACHi 6204 Bearing,1,0,520,
,,,,,[24171024(YL)] YL Grease Seal [ R / Hub ],1,0,130,
,,,,,[22171007] Grease Seal [ R / Hub ],1,15,153,
,,,,,[BF551613] Seal Oil,1,15,323,
,,,,,[RJ0520(VARROC)] Varroc Slider Block Kit,4,0,600,
,,,,,[SA24170427(SA)] SA Coupling Rubber - Small,4,0,40,
,,,,,[SVA0024(SA)] SA Coupling Rubber - Large (Blue Colour),4,0,80,
2021-08-20 10:48:00,මුදල්,Order 00424-001-0026,FALSE,,[30151105] Brake Shoe Assy,1,15,697,700
2021-08-20 10:47:26,මුදල්,Order 00424-001-0025,FALSE,,[BG113802] Housing Left Headlamp- Blinker,1,15,969,970
2021-08-20 10:43:04,මුදල්,Order 00424-001-0024,FALSE,,[DU101045] Shaft - Kick,1,15,1156,3560
,,,,,[39103519] Oil Seal Valve,2,15,306,
,,,,,[BP0901(CLAMP)] Clamp Kick Paddle - Boxer 115,1,0,1200,
,,,,,[BGO20W50C] Bajaj Genuine Oil 20W 50 Can 1L,1,9,900.9,
2021-08-20 10:39:13,මුදල්,Order 00424-001-0022,FALSE,,[DF101055] Screw - Tappet,2,15,255,260
2021-08-20 10:37:59,මුදල්,Order 00424-001-0021,FALSE,,[36DJ4104] Kit Minor Claiper,1,15,433.5,510
,,,,,[94WCC11900040] DOT 3 Brake Oil - 50ml,1,0,80,
2021-08-20 10:36:45,මුදල්,Order 00424-001-0020,FALSE,,[JN181001] Windshield,1,15,1317.5,1320
2021-08-20 10:36:16,මුදල්,Order 00424-001-0019,FALSE,,[DJ191023] Kit - Major : Master Cylinder [ Ets ],1,15,875.5,1510
,,,,,[36DJ4104] Kit Minor Claiper,1,15,433.5,
,,,,,[01140116] Bolt,2,0,120,
,,,,,[94WCC11900040] DOT 3 Brake Oil - 50ml,1,0,80,
2021-08-20 10:31:48,මුදල්,Order 00424-001-0018,FALSE,,[AB171044] Shockabsorber Assembly Complete-Front,1,16,2503.2,2500
2021-08-20 10:26:48,මුදල්,Order 00424-001-0005,FALSE,,[AA191064] Clutch Cable Complete,1,15,663,4520
,,,,,[AA101210] Plate Friction,7,15,2201.5,
,,,,,[AA101472] Plate Clutch,6,15,969,
,,,,,[AA101077] Gasket Clutch Cover,1,15,688.5,
2021-08-20 10:21:30,මුදල්,Order 00424-001-0016,FALSE,,[JA581221] Needle Valve Assembly,1,15,620.5,620
2021-08-20 10:16:11,මුදල්,Order 00424-001-0015,Lankika Tradding,,[GKAE1001(SA)] SA Gasket - Bore [5P] - 3W / RE,5,0,150,1890
,,,,,[DS201009] Lens - Tail Light,1,17,830,
,,,,,[DL181010] Well Nut,10,17,913,
2021-08-20 10:07:06,මුදල්,Order 00424-001-0013,FALSE,,"[DJ201109] Brake Switch Front "" Pulsar Ug Ii """,1,0,500,500
2021-08-20 10:04:14,මුදල්,Order 00424-001-0012,FALSE,,[DZ191014] Cable - Speedometer Without Bent Tube,1,15,697,700
2021-08-20 09:55:56,මුදල්,Order 00424-001-0011,FALSE,,[39100820] Bearing Needle [Bk1312],1,10,297,300
2021-08-20 09:50:12,මුදල්,Order 00424-001-0010,FALSE,,"[DJ201109] Brake Switch Front "" Pulsar Ug Ii """,2,17,962.8,960
2021-08-20 09:48:57,මුදල්,Order 00424-001-0009,Deepthi Motors,,[36JA0002] Kit Valve Kit Xcd,1,20,1672,1670
2021-08-20 09:39:04,මුදල්,Order 00424-001-0008,FALSE,,[BGO20W50C] Bajaj Genuine Oil 20W 50 Can 1L,1,9,900.9,900
2021-08-20 09:35:59,මුදල්,Order 00424-001-0007,FALSE,,[6204(NACHi)] NACHi 6204 Bearing,3,0,1560,4750
,,,,,[6301(NACHi)] NACHi 6301 Bearing,1,0,450,
,,,,,[36224004] Kit Bush Inner Race- New,2,15,1615,
,,,,,[24171024(YL)] YL Grease Seal [ R / Hub ],2,0,260,
,,,,,[22171007] Grease Seal [ R / Hub ],2,15,306,
,,,,,[22170115] Oil Seal [ F / Hub ],1,15,110.5,
,,,,,[510853VQE] Caltex Grease - 250g,1,0,450,
2021-08-20 09:09:00,මුදල්,Order 00424-001-0002,FALSE,,[DS101036] Cam-Chain :-24-94L,1,15,1190,5990
,,,,,[JA521017] Chain Tensioner(Black),1,15,1360,
,,,,,[DJ151071] Set - Disc Pad [ Ets ],1,15,756.5,
,,,,,[DL181080] Seal Oil-Fork,2,15,748,
,,,,,[JZ161210] Cable Speedometer,1,15,663,
,,,,,[30151041] Gear Meter Screw,1,15,297.5,
,,,,,[DS151038] Speedometer Gear 21T,1,15,102,
,,,,,[DJ151036] Adjester-Chain,1,15,476,
,,,,,[SADJ181044(SA)] SA Fork Boot,1,0,400,
2021-08-20 08:58:05,මුදල්,Order 00424-001-0001,FALSE,,[30151105] Brake Shoe Assy,1,15,697,2410
,,,,,[DJ151071] Set - Disc Pad [ Ets ],1,15,756.5,
,,,,,[JD113032] Assembly Main Step Rh Pulsar Peg,1,15,960.5,
පසුව ගෙවන්න (16),,,,,,,,,228780.00
2021-09-18 12:35:15,පසුව ගෙවන්න,Order 00430-001-0049,"David Peris Motor Company, Mr. Roshan",,[JL181008] Windshield Assembly,1,20,1016,6500
,,,,,[56JL2046] Jl Tank Cover Lh Sp. Black + Mt Pewter G,1,20,5480,
2021-09-16 19:54:23,පසුව ගෙවන්න,Order 00429-002-0005,Lankika Tradding,,[36JD0021] Kit Cyl Block Piston Assy ( Al) Xcd 125 (Ja521014),1,0,9300,9300
2021-09-16 19:36:30,පසුව ගෙවන්න,Order 00429-002-0004,"David Peris Motor Company, Mr. Roshan",,[BF184637] Rear View Mirror Lh (New),1,20,1384,1380
2021-09-16 19:16:42,පසුව ගෙවන්න,Order 00429-002-0003,"David Peris Motor Company, Mr. Roshan",,[52JL0928] K4 Ug Side Mask Rh Satin Blk + Blk Dcal,1,20,1024,40500
,,,,,[56JL2046] Jl Tank Cover Lh Sp. Black + Mt Pewter G,1,20,5480,
,,,,,[JG161010] Brake Lever Front,1,20,1200,
,,,,,[JL151021] Handle Bar Tube Assy Lh,1,20,2456,
,,,,,[JL151034] Handlebar Tube Assy Rh,1,20,2320,
,,,,,[JL181464] Fender Brace -K16A Soft Mtg,1,20,1488,
,,,,,[JL401012] Head Lamp Assy (55/60W),1,20,15568,
,,,,,[JL151004] Fork Pipe Spinning,2,20,10960,
2021-09-16 18:49:37,පසුව ගෙවන්න,Order 00429-002-0002,"David Peris Motor Company, Mr. Roshan",,[36JZ0002] Kit Blk/Pst Asly Disco H,2,20,21024,33470
,,,,,[DS101036] Cam-Chain :-24-94L,1,20,1120,
,,,,,[36JE0003] Kit Chain Guide Sprint,1,20,592,
,,,,,[JA521017] Chain Tensioner(Black),1,20,1280,
,,,,,[JA541212] Gasket Clutch Cover,1,20,264,
,,,,,[JZ511016] Gasket Cylinder Head,1,20,632,
,,,,,[JD521002] Gasket Cylinder Block,1,20,208,
,,,,,[36JE0005] Kit Clutch Plate Sprint,1,20,3512,
,,,,,[JA541205] Gasket Magneto Cover,1,20,224,
,,,,,[DD111018] Spark Plug,2,20,736,
,,,,,[52PF0329] Fairing Ebony Blk Wh Dec(Platina B104D),1,20,3880,
2021-09-15 14:02:36,පසුව ගෙවන්න,Order 00429-001-0015,"David Peris Motor Company, Mr. Rasika ",,[36JN0007] Kit Ch.Sp.Discover 135 Drum Brake,2,20,7872,19380
,,,,,[36DU4017] Kit Chain Sprocket,2,20,7440,
,,,,,[31121029] Filter Element-Air,5,20,1920,
,,,,,[DX121010] Air Filter - Element,4,20,2144,
2021-09-15 13:46:56,පසුව ගෙවන්න,Order 00429-001-0014,"David Peris Motor Company, Mr. Roshan",,[JE351232] Cdi Assembly With Damper K16B,1,20,6440,36260
,,,,,[DH101050] Chain - Cam Did 25-98Li,1,20,880,
,,,,,[36DJ4005] Kit Chain Sprocket Pulsar Dtsi (Modif) (36Dj4009),1,20,3792,
,,,,,[36314001K] Steering Cone Kit - Ct / Platina 100,1,20,1064,
,,,,,[JL151004] Fork Pipe Spinning,2,20,10960,
,,,,,[DK181019] Oil Seal,10,20,5200,
,,,,,[DX121010] Air Filter - Element,6,20,3216,
,,,,,[JA351609] Negative Brush Holder Assembly,6,20,1344,
,,,,,[JA351610] Positive Termiinal Assembly,6,20,1200,
,,,,,[DD121181] Oil Filter With Spring,10,20,2160,
2021-09-15 12:47:28,පසුව ගෙවන්න,Order 00429-001-0002,FALSE,,[52DH1531] Fairing With Khi Eb Blk With Silver Dcl (P 150 Bsiv),1,15,4734.5,5870
,,,,,[DJ181033] Windshield,1,15,1139,
2021-09-14 12:36:36,පසුව ගෙවන්න,Order 00428-002-0012,"David Peris Motor Company, Mr. Roshan",,[DJ201206] Blinker Rr.Lh (Cl) Flexible,1,20,1208,2490
,,,,,[DJ201207] Blinker Rr.Rh (Cl) Flexible,1,20,1280,
2021-09-10 18:11:00,පසුව ගෙවන්න,Order 00426-005-0001,"David Peris Motor Company, Mr. Roshan",,[36JZ0183] Block Piston Kit,1,20,8120,9760
,,,,,[36JH0028] Kit Valve V12,1,20,1640,
2021-09-09 12:40:51,පසුව ගෙවන්න,Order 00426-003-0024,"David Peris Motor Company, Mr. Roshan",,[BF351067] Stator Assembly,1,20,8720,15820
,,,,,[PD402005] Regulator Dc 3 Phase,1,20,6576,
,,,,,[BF541209] Gasket Magneto Cover,1,20,520,
2021-09-06 13:37:16,පසුව ගෙවන්න,Order 00426-001-0003,"David Peris Motor Company, Mr. Rasika ",,[DH101864] Block Piston Assly-Spares- K1 Black,1,20,9400,22090
,,,,,[DH101680] Gasket Cylinder Head,1,20,704,
,,,,,[DH101016] Gasket - Cylinder,1,20,168,
,,,,,[DH101154] Gasket Clutch Cover-Pulsar,1,20,256,
,,,,,[DV101042] Gasket Cover Magneto,1,20,192,
,,,,,[DH101006] Gasket - Crankcase,1,20,344,
,,,,,[39219019] Oil Seal [ Gear Shaft Inner ],1,20,112,
,,,,,[39171519] Oil Seal [ Magento ],1,20,72,
,,,,,[39219019] Oil Seal [ Gear Shaft Inner ],1,0,0,
,,,,,[39218919] Oil Seal [ F / Sprocket ],1,20,168,
,,,,,[30101142] Oil Seal [ Kick ],1,20,88,
,,,,,[DH101050] Chain - Cam Did 25-98Li,1,20,880,
,,,,,[JC101034] Tensioner Assembly (Jc),1,20,1272,
,,,,,[DS101096] Camshaft Cap,1,20,216,
,,,,,[DG111008] Plug Spark,2,20,768,
,,,,,[36DS1002] Kit - Valve,1,20,1728,
,,,,,[39201719] Oil Seal Valve,2,20,320,
,,,,,[DH121171] Piston Vacuum Assly Kit,1,20,5400,
2021-09-06 13:13:54,පසුව ගෙවන්න,Order 00426-001-0001,"David Peris Motor Company, Mr. Roshan",,[DU201101] Lamp - Head Assly [ Thl ],1,20,3960,7980
,,,,,[52DU0577] Cowling With Decal - Electron Blue,1,20,4016,
2021-08-20 12:36:36,පසුව ගෙවන්න,Order 00424-001-0042,Lankika Tradding,,[DK181024] Under Bkt Sub Assly,1,17,6474,6470
2021-08-20 09:22:29,පසුව ගෙවන්න,Order 00424-001-0006,Titas Pathmasiri ,,[36AA4007] Kit Spring Damper Clutch Housing Re4S,1,15,246.5,250
2021-08-20 09:17:18,පසුව ගෙවන්න,Order 00424-001-0004,Lankika Tradding,,[JB531005] Cam Chain (90 Links),1,17,1610.2,11260
,,,,,[36JK0031] Kit Block Piston Assly Bm125,1,17,9652.9,
ආපසු ගෙවීම් (2),,,,,,,,,-1760.00
2021-08-20 13:26:10,ආපසු ගෙවීම්,Order 00425-001-0036,FALSE,Order 00419-001-0023,[DK181019] Oil Seal,-1,15,-544,-540
2021-08-20 10:59:59,ආපසු ගෙවීම්,Order 00424-001-0030,FALSE,Order 00424-002-0001,[DP181063] Windshield With Label,-1,15,-1215.5,-1220